observationTimeUtc,airTemperature,feelsLikeTemperature,windSpeed,windGust,windDirection,cloudCover,seaLevelPressure,relativeHumidity,precipitation,snowDepth,conditionCode
2026-09-03 00:00:00,11.3,11.3,1.1,2,164,75,1017.1,99,0,0,cloudy-with-sunny-intervals
2026-09-03 01:00:00,11.8,11.8,1.5,3.1,232,75,1016.7,99,0,0,cloudy-with-sunny-intervals
2026-09-03 02:00:00,11.8,11.8,2.3,3.7,216,88,1016.8,99,0,0,cloudy
2026-09-03 03:00:00,11.8,11.8,2.4,4.4,212,88,1016.7,99,0,0,cloudy
2026-09-03 04:00:00,11.9,11.9,1.8,3.3,208,88,1016.7,99,0,0,cloudy
2026-09-03 05:00:00,13,13,1.8,3.7,222,88,1016.8,97,0,0,cloudy
2026-09-03 06:00:00,14.2,14.2,2.5,4.6,214,88,1016.7,94,0,0,cloudy
2026-09-03 07:00:00,15.4,15.4,2.1,4.5,218,75,1016.6,88,0,0,cloudy-with-sunny-intervals
2026-09-03 08:00:00,16.9,16.9,3.3,6,219,88,1016.5,75,0,0,cloudy
2026-09-03 09:00:00,17.3,17.3,2.5,7.1,264,88,1016.2,71,0,0,cloudy
2026-09-03 10:00:00,19.3,19.3,3.1,7.2,230,38,1015.7,59,0,0,variable-cloudiness
2026-09-03 11:00:00,20.1,20.1,2.7,8.6,236,38,1015.3,56,0,0,variable-cloudiness
2026-09-03 12:00:00,19.4,19.4,2.4,7.4,256,88,1014.9,59,0,0,cloudy
2026-09-03 13:00:00,17.9,17.9,2.2,10,246,88,1014.8,72,0.3,0,rain
2026-09-03 14:00:00,20.4,20.4,2.4,5.7,251,88,1014.3,60,0,0,cloudy
2026-09-03 15:00:00,20.1,20.1,3.1,6.3,251,63,1014,57,0,0,cloudy-with-sunny-intervals
2026-09-03 16:00:00,19.4,19.4,1.2,5.1,241,25,1013.9,62,0,0,partly-cloudy
2026-09-03 17:00:00,17.3,17.3,1.3,3.2,189,13,1013.8,71,0,0,partly-cloudy
2026-09-03 18:00:00,15.4,15.4,1.2,1.9,188,13,1014,81,0,0,partly-cloudy
2026-09-03 19:00:00,14.3,14.3,1.6,2.3,187,0,1013.9,84,0,0,clear
2026-09-03 20:00:00,13.6,13.6,1.7,2.1,171,50,1013.6,85,0,0,variable-cloudiness
2026-09-03 21:00:00,12.8,12.8,1.6,2.2,146,38,1013.2,90,0,0,variable-cloudiness
2026-09-03 22:00:00,12.7,12.7,2,2.8,168,0,1012.8,89,0,0,clear
2026-09-03 23:00:00,13,13,2.3,3.8,186,88,1012.2,86,0,0,cloudy
