route,group,trips,e5,e25,e50,e75,e95,sched_wait_50
bus 3G,express,1805,0.43290691994816033,0.5675699005552852,0.8454574863970139,1.0518785237029071,1.1894022563546507,4.518124562631211
bus 2G,express,1436,0.5369232371205372,0.6933415903972975,0.7588042212201787,0.7846739056417107,0.8604880260792607,6.116850127011007
trolleybus 7,trunk,1847,0.38049467885022636,0.5336108083756876,0.6406794113185015,0.7595945806683817,0.858085021481326,4.694558303886925
bus 33,trunk,851,0.4557196372727006,0.37009418326563903,0.5753588591175767,0.6946108226696488,0.7444751981840643,9.854549975136747
bus 40,trunk,808,0.3609559422461217,0.4406850326216496,0.542311861848237,0.8035368320904936,1.1444384519744801,10.63869615495808
bus 1G,express,1896,0.18038556259424343,0.34765781916961025,0.5406136277809805,0.5302189597685905,0.5701193817740382,4.30102183650616
trolleybus 2,trunk,2009,0.2787641573021533,0.42120029476778464,0.5232200272397245,0.6343490426965372,0.6691220069513468,3.996882527986396
bus 6G,express,1518,0.3500578194733679,0.3865698291080317,0.47833678726727946,0.5527222541029762,0.5813555549994591,5.334271865421627
bus 7,trunk,1086,0.2531604764485964,0.32597472005511463,0.4590405544120335,0.6618377076111202,0.7571324626878813,7.045371669004208
bus 87,trunk,706,0.30813410058220825,0.4205453329119351,0.41047567296342713,0.6383312065455744,0.7578619897922252,10.920260492040521
trolleybus 17,trunk,1364,0.10549690305547443,0.1652938733786975,0.3950709660296452,0.5182487954043342,0.5373349581540978,7.700658130052221
trolleybus 16,trunk,1252,0.2646776214009634,0.37043107885211235,0.3822675683850809,0.45591445556743704,0.5569545264808387,7.599716513111269
trolleybus 18,trunk,1142,0.23834011110331232,0.259098663128583,0.3697280947998838,0.4310642615099667,0.4535773254322386,8.23288600185595
bus 5G,express,1447,0.16328285608194282,0.2710389640059141,0.36915194956073183,0.4396845195463408,0.4878756818604648,5.5313898160642
bus 4G,express,1651,0.08490180972606876,0.22327682549300043,0.36508985715670494,0.598465070419044,0.6213125721145243,5.134106891701829
bus 53,trunk,1376,0.1627838962891044,0.2455386117547551,0.3583175497917228,0.5122435060204609,0.5473965721372487,5.513569195794259
trolleybus 10,trunk,763,0.19024719229060771,0.3003725056887472,0.3247540033121581,0.3835921455139406,0.4723513298268127,11.54647577092511
bus 46,trunk,629,0.2128322358812742,0.23698137317371604,0.31155973745150334,0.3408535601453977,0.45035767488075606,14.14403656199322
bus 43,trunk,636,0.18517201111933446,0.20054426682023063,0.30949228460044864,0.10453146708874961,0.4075047929105331,13.94579204259725
trolleybus 19,trunk,878,0.1108774960964869,0.19452237701598385,0.29843660910664127,0.42163502781764706,0.44503072933765075,9.12804833924307
bus 24,trunk,642,0.05334854572375747,0.042812275348971696,0.27707020253985704,0.4865351254097945,0.48514882937788784,12.663078978622329
trolleybus 6,trunk,1016,0.10565169760903359,0.15411808841230723,0.20201105978248357,0.341245117022444,0.30968352629816387,12.284347700527038
trolleybus 9,trunk,791,0.06550743830625372,0.12933452580804428,0.19117432470717333,0.2654591282611438,0.2504440016707008,11.186584397777297
bus 31,trunk,710,0.0774224509130832,0.14949208059702634,0.19035988430710482,0.14869950788754416,0.20901211900827477,10.837727971874312
trolleybus 4,trunk,875,0.002439256887759811,0.017387856900796805,0.17509107878735364,0.32581227427175286,0.3639390543233709,12.36477534562212
bus 10,trunk,865,0.0007792753895330407,0.08862277792069762,0.1638263072258983,0.24126907114592022,0.30510126674668747,9.286283437677861
bus 49,trunk,639,0.042832140923255935,-0.01814542847931655,0.12282272484438295,0.19699041854672572,0.28696345588365446,14.026861853325753
bus 74,trunk,712,0.06663276932800777,0.09187007641693512,0.12148613651428697,0.1562899252284069,0.1914569438997873,11.538924731182796
bus 114,trunk,702,-0.0028155682021608897,0.04931299593902416,0.11407490345300353,0.1951232806193577,0.2960702717613515,11.867324561403509
bus 119,trunk,775,0.031664159632017075,0.05056039720157024,0.05168139178149822,0.03220063811952478,0.05977121508441208,10.680738595220854
bus 3G-A,express,270,-0.4442871294056836,0.04733878553740567,-0.020944859882735756,-0.09441818741776942,-0.1575609769170896,18.441932749364227
bus 52,trunk,739,-1.2507840783630506,-0.8039876841205604,-0.27701412797258307,-0.4986794884660082,-0.014771421219991865,13.752162439524996
