mode,route_name,class,scheduled_gap_min,scheduled_wait_min,actual_wait_min,excess_wait_min,observed_trips,days
bus,38,tail,34.5,19.93,24.376,4.445,808.0,22.0
bus,65,tail,41.535,21.668,23.93,2.263,721.0,22.0
bus,12,tail,35.784,20.373,22.58,2.206,835.0,22.0
bus,L1,tail,43.295,22.363,24.567,2.205,581.0,21.0
bus,33,trunk,15.435,8.123,10.037,1.914,2070.0,22.0
bus,89,tail,47.455,25.758,27.569,1.812,559.0,22.0
bus,49,tail,21.484,13.51,15.285,1.775,1440.0,22.0
bus,56,tail,32.548,17.518,19.282,1.764,917.0,22.0
bus,4G,express,7.928,4.171,5.909,1.738,3569.0,21.0
bus,51,tail,24.034,13.956,15.58,1.624,1327.0,22.0
bus,66,tail,34.897,22.76,24.32,1.56,901.0,22.0
bus,3G,express,6.681,3.77,5.325,1.555,4679.0,22.0
trolleybus,15,tail,31.75,18.854,20.286,1.431,10.0,1.0
bus,2G,express,8.882,4.66,6.052,1.392,3633.0,22.0
bus,121,tail,26.5,14.026,15.417,1.391,1162.0,22.0
bus,52,trunk,15.73,8.815,10.202,1.387,1966.0,22.0
bus,50,tail,22.238,11.731,13.087,1.356,1403.0,22.0
bus,15,tail,36.189,18.984,20.309,1.325,846.0,22.0
trolleybus,7,trunk,6.203,3.571,4.813,1.242,4326.0,19.0
bus,3G-A,express,18.539,9.553,10.791,1.237,1689.0,22.0
bus,24,trunk,19.189,10.656,11.89,1.234,1621.0,22.0
bus,30,tail,26.365,14.772,15.982,1.211,1162.0,22.0
bus,114,trunk,17.62,9.427,10.594,1.167,1768.0,22.0
bus,5,tail,20.716,10.909,12.063,1.155,1520.0,22.0
bus,37,tail,62.683,31.608,32.756,1.148,456.0,22.0
bus,57,tail,33.805,18.581,19.728,1.147,926.0,22.0
trolleybus,2,trunk,6.363,3.322,4.421,1.099,4969.0,22.0
bus,74,trunk,19.342,10.943,12.037,1.094,1641.0,22.0
bus,53,trunk,10.23,5.291,6.385,1.094,3047.0,22.0
bus,22,tail,24.8,13.616,14.66,1.044,1231.0,22.0
bus,16,tail,30.477,17.793,18.819,1.026,1037.0,22.0
bus,58,tail,42.312,23.065,24.059,0.994,741.0,22.0
bus,88,tail,42.969,22.859,23.823,0.964,719.0,22.0
bus,46,trunk,18.091,9.728,10.65,0.922,1775.0,22.0
trolleybus,4,trunk,9.382,5.475,6.369,0.895,3111.0,20.0
bus,5G,express,9.11,4.88,5.749,0.869,3484.0,22.0
trolleybus,1,tail,24.857,12.811,13.676,0.865,1270.0,22.0
bus,7,trunk,12.955,6.733,7.586,0.853,2487.0,22.0
bus,1G,express,6.687,3.587,4.424,0.837,4870.0,22.0
bus,87,trunk,19.592,10.416,11.224,0.807,1663.0,22.0
bus,59,tail,27.776,14.762,15.569,0.807,1165.0,22.0
bus,115,tail,23.367,12.07,12.872,0.802,1380.0,22.0
bus,18,tail,27.118,14.824,15.622,0.799,1154.0,22.0
bus,63,tail,41.765,21.408,22.202,0.794,781.0,22.0
bus,17,tail,35.541,18.8,19.589,0.79,864.0,22.0
bus,69,trunk,20.261,10.844,11.628,0.784,1591.0,22.0
trolleybus,10,trunk,15.809,8.475,9.247,0.772,2015.0,22.0
bus,3,tail,39.514,22.715,23.484,0.77,799.0,22.0
bus,43,trunk,17.723,9.089,9.854,0.764,1783.0,22.0
bus,20,tail,26.904,15.812,16.55,0.738,1213.0,22.0
trolleybus,19,trunk,13.276,7.269,7.995,0.726,2377.0,22.0
bus,6G,express,8.845,4.76,5.483,0.723,3569.0,22.0
bus,35,tail,32.197,17.92,18.635,0.715,982.0,22.0
trolleybus,16,trunk,8.581,5.34,6.038,0.697,3675.0,22.0
trolleybus,3,tail,21.173,11.835,12.514,0.679,1482.0,22.0
bus,40,trunk,15.809,8.26,8.923,0.663,2042.0,22.0
trolleybus,17,trunk,8.689,4.894,5.555,0.661,3573.0,21.0
bus,25,tail,29.021,16.2,16.845,0.645,1110.0,22.0
bus,11,tail,36.694,18.711,19.291,0.58,860.0,22.0
trolleybus,6,trunk,9.115,5.179,5.733,0.554,3192.0,20.0
trolleybus,18,trunk,9.719,5.986,6.538,0.553,2943.0,20.0
bus,68,tail,26.231,14.496,15.047,0.55,1218.0,22.0
trolleybus,9,trunk,14.917,7.956,8.504,0.548,2034.0,21.0
bus,28,tail,36.301,25.15,25.693,0.543,756.0,22.0
trolleybus,12,tail,18.789,10.434,10.962,0.528,1555.0,20.0
bus,29,tail,29.146,16.213,16.642,0.43,1089.0,22.0
trolleybus,20,tail,22.047,11.352,11.781,0.429,1385.0,21.0
bus,1,tail,35.075,18.315,18.729,0.414,933.0,22.0
bus,119,trunk,16.244,8.846,9.242,0.396,1943.0,22.0
bus,120,tail,30.021,16.024,16.415,0.39,1091.0,22.0
bus,10,trunk,15.516,8.301,8.666,0.365,2098.0,22.0
bus,31,trunk,18.551,9.559,9.914,0.355,1658.0,21.0
bus,125,tail,46.034,24.242,24.593,0.352,670.0,22.0
bus,14,tail,34.756,18.332,18.678,0.346,928.0,22.0
bus,21,tail,31.532,18.143,18.466,0.323,905.0,21.0
bus,13,tail,44.733,28.305,28.614,0.31,720.0,22.0
bus,122,tail,34.25,17.918,18.225,0.306,908.0,21.0
bus,36,tail,20.735,11.897,12.196,0.299,1521.0,22.0
bus,75,tail,29.739,15.558,15.824,0.267,1064.0,22.0
bus,8,tail,39.697,21.185,21.421,0.236,792.0,22.0
bus,55,tail,24.912,12.658,12.886,0.228,1291.0,22.0
bus,48,tail,51.458,26.732,26.956,0.223,618.0,22.0
bus,2,tail,49.37,27.655,27.869,0.214,630.0,22.0
bus,39,tail,34.897,18.954,19.133,0.179,885.0,22.0
bus,4,tail,51.952,27.683,27.841,0.158,561.0,22.0
bus,123,tail,33.6,17.039,17.162,0.123,945.0,22.0
bus,32,tail,25.815,14.756,14.876,0.12,1226.0,22.0
bus,61,tail,31.395,17.0,17.115,0.115,977.0,22.0
bus,117,tail,27.471,14.067,14.181,0.114,1173.0,22.0
bus,54,tail,34.897,18.635,18.737,0.102,885.0,22.0
bus,34,tail,30.953,17.244,17.341,0.097,1057.0,22.0
bus,41,tail,39.167,21.538,21.634,0.097,823.0,22.0
bus,116,tail,48.481,24.808,24.853,0.045,631.0,22.0
bus,67,tail,33.525,18.012,18.045,0.033,927.0,22.0
bus,73,tail,33.409,18.411,18.44,0.029,946.0,22.0
bus,42,tail,37.079,20.368,20.384,0.016,863.0,22.0
bus,26,tail,52.16,28.046,27.938,-0.108,585.0,22.0
bus,118,tail,25.196,12.791,12.664,-0.126,1150.0,20.0
bus,76,tail,24.964,14.433,14.21,-0.223,1262.0,22.0
bus,62,tail,63.25,32.105,31.852,-0.253,527.0,22.0
bus,27,tail,31.349,16.955,16.517,-0.438,1032.0,22.0
bus,19,tail,28.935,18.214,17.769,-0.445,1057.0,22.0
trolleybus,21,tail,44.714,23.904,23.401,-0.503,647.0,21.0
bus,82,tail,46.036,24.805,23.635,-1.17,624.0,22.0
bus,9,tail,33.171,22.895,21.452,-1.442,977.0,22.0
bus,78,tail,36.412,20.668,18.852,-1.816,832.0,22.0
