ld,n,early,short,med_stand,short_group
bus 1/0,335,0.0149,0.0,360.0,under 10%
bus 1/1,299,0.0234,0.2074,540.0,10-50%
bus 10/0,708,0.0141,0.0,720.0,under 10%
bus 10/1,700,0.0,0.0,540.0,under 10%
bus 11/0,327,0.0,0.0856,1020.0,under 10%
bus 11/1,207,0.029,1.0,60.0,over half
bus 114/0,546,0.0256,0.0,780.0,under 10%
bus 114/1,499,0.012,0.0,360.0,under 10%
bus 115/0,511,0.0861,0.0,600.0,under 10%
bus 115/1,476,0.0,0.0,540.0,under 10%
bus 116/0,246,0.0163,0.0813,900.0,under 10%
bus 116/1,223,0.0,0.0,420.0,under 10%
bus 117/0,402,0.005,0.0,840.0,under 10%
bus 117/1,398,0.0075,0.9497,0.0,over half
bus 118/0,313,0.016,0.0447,780.0,under 10%
bus 118/1,294,0.0102,0.0,180.0,under 10%
bus 119/0,710,0.007,0.0,720.0,under 10%
bus 119/1,630,0.0,0.0556,240.0,under 10%
bus 12/0,327,0.0153,0.0,900.0,under 10%
bus 12/1,317,0.0158,0.0,540.0,under 10%
bus 120/0,332,0.0,0.0,840.0,under 10%
bus 120/1,312,0.0385,0.8878,0.0,over half
bus 121/0,439,0.0,0.0,840.0,under 10%
bus 121/1,338,0.0,1.0,0.0,over half
bus 122/0,311,0.0193,0.0,180.0,under 10%
bus 122/1,280,0.0,0.0,900.0,under 10%
bus 123/0,338,0.0089,0.0,780.0,under 10%
bus 123/1,313,0.0,0.0,240.0,under 10%
bus 125/0,247,0.0121,0.0526,240.0,under 10%
bus 125/1,212,0.0,0.0,780.0,under 10%
bus 13/0,242,0.0041,0.0455,360.0,under 10%
bus 13/1,223,0.0045,0.0,720.0,under 10%
bus 14/0,314,0.0,0.0,360.0,under 10%
bus 14/1,335,0.009,0.0896,1020.0,under 10%
bus 15/0,281,0.0036,0.0676,600.0,under 10%
bus 15/1,285,0.007,0.0,360.0,under 10%
bus 16/0,404,0.0099,0.0,720.0,under 10%
bus 16/1,371,0.0027,0.0,540.0,under 10%
bus 17/0,328,0.003,0.0,840.0,under 10%
bus 17/1,291,0.0137,0.9656,0.0,over half
bus 18/0,441,0.0204,0.0,900.0,under 10%
bus 18/1,423,0.0024,0.0,720.0,under 10%
bus 19/0,408,0.0074,0.0,600.0,under 10%
bus 19/1,389,0.0,0.0,420.0,under 10%
bus 1G/0,1666,0.0084,0.0,360.0,under 10%
bus 1G/1,1714,0.0053,0.0,900.0,under 10%
bus 2/0,221,0.0,0.0,960.0,under 10%
bus 2/1,205,0.0,0.0,360.0,under 10%
bus 20/0,414,0.0024,0.1329,870.0,10-50%
bus 20/1,406,0.0074,0.064,600.0,under 10%
bus 21/0,341,0.0264,0.0528,1080.0,under 10%
bus 21/1,262,0.0305,0.7977,0.0,over half
bus 22/0,382,0.0366,0.7932,0.0,over half
bus 22/1,433,0.0139,0.0,840.0,under 10%
bus 24/0,571,0.0228,0.0,900.0,under 10%
bus 24/1,536,0.0019,0.0,660.0,under 10%
bus 25/0,389,0.0026,0.0,780.0,under 10%
bus 25/1,349,0.0029,0.0,600.0,under 10%
bus 26/0,219,0.0365,0.0913,1020.0,under 10%
bus 27/0,339,0.0324,0.941,0.0,over half
bus 27/1,366,0.0027,0.0,900.0,under 10%
bus 28/0,302,0.0066,0.1325,840.0,10-50%
bus 28/1,272,0.0,0.0,360.0,under 10%
bus 29/0,352,0.0085,0.0,720.0,under 10%
bus 29/1,339,0.0,0.0,480.0,under 10%
bus 2G/0,1258,0.0215,0.0,1020.0,under 10%
bus 2G/1,1119,0.0098,0.0,180.0,under 10%
bus 3/0,290,0.0172,0.0,420.0,under 10%
bus 3/1,253,0.0079,0.0,360.0,under 10%
bus 30/0,415,0.0024,0.0,780.0,under 10%
bus 30/1,393,0.0127,0.0,900.0,under 10%
bus 31/0,536,0.0019,0.0,300.0,under 10%
bus 31/1,537,0.0019,0.0,1080.0,under 10%
bus 32/0,461,0.0087,0.0672,660.0,under 10%
bus 32/1,435,0.0138,0.0,600.0,under 10%
bus 33/0,707,0.0113,0.0,660.0,under 10%
bus 33/1,592,0.0034,0.0,540.0,under 10%
bus 34/0,384,0.0026,0.0,660.0,under 10%
bus 34/1,380,0.0,0.0,720.0,under 10%
bus 35/0,338,0.0296,0.1065,420.0,10-50%
bus 35/1,316,0.019,0.0,600.0,under 10%
bus 36/0,499,0.0421,0.2445,360.0,10-50%
bus 36/1,503,0.0179,0.0,660.0,under 10%
bus 38/0,308,0.013,0.0,660.0,under 10%
bus 38/1,293,0.0,0.0,420.0,under 10%
bus 39/0,345,0.0232,0.0,660.0,under 10%
bus 39/1,320,0.0031,0.0,300.0,under 10%
bus 3G-A/0,604,0.0017,0.0,960.0,under 10%
bus 3G-A/1,558,0.0627,0.0,240.0,under 10%
bus 3G/0,1582,0.0025,0.0082,840.0,under 10%
bus 3G/1,1541,0.0058,0.0,540.0,under 10%
bus 4/0,218,0.0046,0.0,540.0,under 10%
bus 4/1,211,0.0,0.0,600.0,under 10%
bus 40/0,733,0.0082,0.0,1200.0,under 10%
bus 40/1,511,0.0196,1.0,60.0,over half
bus 41/0,261,0.0575,0.0613,480.0,under 10%
bus 41/1,249,0.0,0.0,480.0,under 10%
bus 42/0,310,0.0226,0.0,660.0,under 10%
bus 42/1,286,0.007,0.0,780.0,under 10%
bus 43/0,598,0.0117,0.0,1200.0,under 10%
bus 43/1,504,0.0714,1.0,60.0,over half
bus 46/0,616,0.0049,0.0,1020.0,under 10%
bus 46/1,378,0.0291,1.0,0.0,over half
bus 48/0,232,0.0129,0.0,660.0,under 10%
bus 48/1,215,0.0,0.0,600.0,under 10%
bus 49/0,521,0.0134,0.0,600.0,under 10%
bus 49/1,516,0.0039,0.0,660.0,under 10%
bus 4G/0,1455,0.011,0.0,960.0,under 10%
bus 4G/1,1363,0.0088,0.0,660.0,under 10%
bus 5/0,516,0.0078,0.0,780.0,under 10%
bus 5/1,522,0.0268,0.0,660.0,under 10%
bus 50/0,524,0.0973,0.0,660.0,under 10%
bus 50/1,533,0.0038,0.0,420.0,under 10%
bus 51/0,494,0.0202,0.081,780.0,under 10%
bus 51/1,467,0.0021,0.0,420.0,under 10%
bus 52/0,663,0.0,0.0,360.0,under 10%
bus 52/1,664,0.0271,0.0,840.0,under 10%
bus 53/0,1116,0.0099,0.0,960.0,under 10%
bus 53/1,1070,0.0103,0.0,420.0,under 10%
bus 54/0,348,0.0144,0.0,720.0,under 10%
bus 54/1,298,0.0067,0.0,540.0,under 10%
bus 55/0,502,0.0319,0.0378,1260.0,under 10%
bus 55/1,447,0.0067,0.0,720.0,under 10%
bus 56/0,338,0.003,0.0,840.0,under 10%
bus 56/1,303,0.0132,0.0,600.0,under 10%
bus 57/0,349,0.0229,0.0573,1140.0,under 10%
bus 57/1,274,0.0438,1.0,0.0,over half
bus 58/0,273,0.0183,0.0,660.0,under 10%
bus 58/1,235,0.0043,0.0426,360.0,under 10%
bus 59/0,355,0.0113,0.0,360.0,under 10%
bus 59/1,411,0.0097,0.0,480.0,under 10%
bus 5G/0,1235,0.0065,0.0,660.0,under 10%
bus 5G/1,1174,0.0077,0.0,720.0,under 10%
bus 63/0,266,0.0,0.0,1200.0,under 10%
bus 63/1,238,0.0042,0.0,900.0,under 10%
bus 65/0,204,0.0098,0.1324,540.0,10-50%
bus 66/0,282,0.0319,0.1809,300.0,10-50%
bus 66/1,300,0.0133,0.0,480.0,under 10%
bus 67/0,320,0.0031,0.0,660.0,under 10%
bus 67/1,321,0.0,0.0,540.0,under 10%
bus 68/0,455,0.0088,0.0,720.0,under 10%
bus 68/1,422,0.0047,0.0,660.0,under 10%
bus 69/0,545,0.0275,0.0,960.0,under 10%
bus 69/1,442,0.0068,0.0,120.0,under 10%
bus 6G/0,1298,0.0054,0.0,1020.0,under 10%
bus 6G/1,1101,0.049,1.0,0.0,over half
bus 7/0,830,0.0205,0.0,900.0,under 10%
bus 7/1,768,0.013,0.0508,300.0,under 10%
bus 73/0,376,0.0186,0.0,660.0,under 10%
bus 73/1,330,0.0,0.0,540.0,under 10%
bus 74/0,548,0.0036,0.0,360.0,under 10%
bus 74/1,558,0.0054,0.0,840.0,under 10%
bus 75/0,385,0.026,0.0,660.0,under 10%
bus 75/1,420,0.0095,0.0,720.0,under 10%
bus 76/0,472,0.0085,0.0,720.0,under 10%
bus 76/1,447,0.0022,0.0,540.0,under 10%
bus 78/0,330,0.0182,0.0,720.0,under 10%
bus 78/1,295,0.0,0.0,600.0,under 10%
bus 8/0,289,0.0035,0.0,840.0,under 10%
bus 8/1,258,0.0,0.0,600.0,under 10%
bus 82/0,250,0.008,0.0,1260.0,under 10%
bus 82/1,226,0.0,1.0,60.0,over half
bus 87/0,601,0.0183,0.0,900.0,under 10%
bus 87/1,555,0.0054,0.0,660.0,under 10%
bus 88/0,237,0.0,0.2363,480.0,10-50%
bus 88/1,278,0.0647,0.0,840.0,under 10%
bus 9/0,318,0.0031,0.0,360.0,under 10%
bus 9/1,336,0.006,0.0,480.0,under 10%
trolleybus 1/0,441,0.0113,0.0,900.0,under 10%
trolleybus 1/1,390,0.0103,0.2256,120.0,10-50%
trolleybus 10/0,741,0.0148,0.0,840.0,under 10%
trolleybus 10/1,695,0.0072,0.0,540.0,under 10%
trolleybus 12/0,532,0.0207,0.0,720.0,under 10%
trolleybus 12/1,511,0.0059,0.0,420.0,under 10%
trolleybus 16/0,1114,0.0853,0.0,960.0,under 10%
trolleybus 16/1,785,0.0255,0.3592,120.0,10-50%
trolleybus 17/0,1283,0.0242,0.0,840.0,under 10%
trolleybus 17/1,1109,0.0171,0.0,600.0,under 10%
trolleybus 18/0,982,0.0143,0.0,480.0,under 10%
trolleybus 18/1,837,0.0239,0.0,600.0,under 10%
trolleybus 19/0,818,0.022,0.0,900.0,under 10%
trolleybus 19/1,800,0.0338,0.0,720.0,under 10%
trolleybus 2/0,1683,0.0279,0.0,1020.0,under 10%
trolleybus 2/1,1452,0.0193,0.1763,120.0,10-50%
trolleybus 20/0,500,0.002,0.0,900.0,under 10%
trolleybus 20/1,450,0.0089,0.2578,120.0,10-50%
trolleybus 21/0,229,0.0699,0.0,480.0,under 10%
trolleybus 21/1,240,0.0,0.0,720.0,under 10%
trolleybus 3/0,510,0.0059,0.0,720.0,under 10%
trolleybus 3/1,459,0.0065,0.0,540.0,under 10%
trolleybus 4/0,998,0.0521,0.0,600.0,under 10%
trolleybus 4/1,921,0.0033,0.0,540.0,under 10%
trolleybus 6/0,1005,0.006,0.0,780.0,under 10%
trolleybus 6/1,1011,0.0099,0.0,480.0,under 10%
trolleybus 7/0,1305,0.0268,0.0,780.0,under 10%
trolleybus 7/1,1104,0.0272,0.2138,120.0,10-50%
trolleybus 9/0,787,0.0013,0.0,660.0,under 10%
trolleybus 9/1,696,0.0474,0.0,660.0,under 10%
